id,firstname,lastname,email,phone,ville,region,code_postal,client_experience,DÃ©signation de poste
1,Orli,Pugh,Morbi.vehicula.Pellentesque@utipsumac.net,358-1252,campinas,SP,13023,5,Assessment & Intervention Tm Ctr Manager
2,Ezra,Conway,at@Curabiturvel.org,532-2887,mogi guacu,SP,13844,2,Assistant Director Education
3,Dawn,Farley,tortor.at@sitametmetus.ca,798-2410,rio de janeiro,RJ,20031,5,Assistant Director of Public Health
4,Macaulay,Hartman,Suspendisse.sed.dolor@Curabiturvellectus.co.uk,253-2414,sao paulo,SP,4195,2,Assistant Director- Regen Plan & Sust
5,Finn,Donovan,malesuada.malesuada.Integer@musProinvel.co.uk,477-6548,braganca paulista,SP,12914,2,Assistant Director Special Projects
6,Abel,Mcdowell,Ut.tincidunt@maurisut.ca,752-5281,rio de janeiro,RJ,20920,1,Assistant Principal
7,Sade,Skinner,tristique.senectus@vulputate.edu,1-861-150-3428,brejao,PE,55325,1,Seller
8,Christen,Barber,elit.erat.vitae@auctorvitae.org,1-437-898-3818,penapolis,SP,16304,1,Seller
9,Amir,Kirk,dolor.dapibus.gravida@nonantebibendum.edu,500-7695,sao paulo,SP,1529,1,Seller
10,Nigel,Pittman,Sed.dictum.Proin@ac.edu,331-4232,curitiba,PR,80310,1,Seller
11,Plato,Herrera,orci@quis.net,559-7094,anapolis,GO,75110,4,Seller
12,Xander,Whitfield,Quisque.porttitor.eros@atpede.edu,393-8984,itirapina,SP,13530,3,Seller
13,Lisandra,Cantu,et@iaculis.net,323-4285,sao paulo,SP,1222,1,Seller
14,Daniel,Merrill,felis@amet.net,1-379-645-3657,sao paulo,SP,5372,1,Business Support Head of Service
15,Plato,Estrada,tellus.lorem@nuncinterdumfeugiat.edu,1-328-358-6510,tubarao,SC,88705,1,Community Parent Support Service Mgr
16,Mariko,Cunningham,Curabitur.dictum.Phasellus@bibendumDonecfelis.net,143-3367,lauro de freitas,BA,42738,1,Consultant Social Worker
17,Kiona,Hyde,nec.imperdiet.nec@augueSedmolestie.org,542-9174,imbituba,SC,88780,3,Consultant Social Worker
18,Dora,Pennington,orci.lobortis.augue@facilisisvitae.ca,360-5122,brasilia,DF,70740,1,Consultation & Resident Engagmt Tm Mgr
19,Maite,Hodges,ante.bibendum@diamlorem.net,326-5532,porto seguro,BA,45810,1,Counter Fraud Manager
20,Portia,Dixon,congue.elit@CrasinterdumNunc.edu,536-9074,sao paulo,SP,5138,1,Curriculum Manager
21,Wade,Morin,lectus.quis.massa@blanditmattisCras.org,1-645-312-9165,guaruja,SP,11440,3,Cycle Enfield Programme Lead
22,Boris,Maxwell,egestas@IncondimentumDonec.org,1-756-134-5853,tabatinga,SP,14910,5,Development Manager Estate Regeneration
23,Jessamine,Mendoza,non@Suspendissenonleo.net,1-112-349-3875,sao paulo,SP,4156,4,Development Manager Estate Regeneration
24,Lyle,Marsh,arcu@quis.org,464-1446,salto,SP,13320,3,Director Manager
25,Steel,Mathews,nec.mauris.blandit@at.org,1-796-830-5100,tres de maio,RS,98910,5,Executive Director - Childrens Services
26,Raven,Hansen,Donec.consectetuer@urnaVivamus.edu,360-4017,belo horizonte,MG,30494,4,Executive Director Place Department
27,Griffith,Howard,nec.ligula.consectetuer@Sedcongue.com,1-645-674-3212,arapongas,PR,86707,4,Finance Manager
28,Maryam,Beck,cursus.et@ut.ca,1-690-683-0580,sao bernardo do campo,SP,9850,2,Finance Manager
29,Evangeline,Anthony,morbi.tristique@Suspendissealiquet.com,323-2036,sao paulo,SP,4857,4,Finance Manager
30,Basil,Rosa,arcu.Vestibulum@faucibusleoin.edu,1-603-376-9307,tatui,SP,18500,1,Finance Manager
31,Kirby,Hammond,est.Mauris.eu@vitaemauris.ca,135-1504,curitiba,PR,80210,3,Finance Manager
32,Nathan,Collins,urna@eu.org,439-2294,sao paulo,SP,2261,3,Finance Manager
33,Nolan,Kidd,suscipit@orciPhasellus.co.uk,888-6335,garopaba,SC,88495,5,Seller
34,Jarrod,Banks,Cum.sociis.natoque@posuere.co.uk,687-3702,sao paulo,SP,3562,5,Seller
35,Ina,Potts,lacus@Vestibulumuteros.com,1-238-108-0843,camanducaia,MG,37650,3,Seller
36,Giacomo,Kemp,sagittis@sociisnatoque.ca,1-610-303-1488,tupa,SP,17602,4,Seller
37,Merritt,Owen,Duis.gravida.Praesent@non.edu,732-3434,guarulhos,SP,7241,2,Seller
38,Steven,Barr,eu.enim@quis.com,394-4183,sao jose dos pinhais,PR,83050,2,Seller
39,Tobias,Mccarthy,sed@aliquet.ca,1-312-870-6532,sao paulo,SP,3445,3,Seller
40,Owen,Meyers,aliquam.eu.accumsan@vel.org,893-4868,sao paulo,SP,4133,5,Seller
41,Gemma,Petersen,a.sollicitudin@Maecenas.com,673-1847,brasilia,DF,72233,4,Seller
42,Hunter,Perry,risus@a.co.uk,1-412-308-9623,brasilia,DF,70645,5,Seller
43,Naomi,Carver,porttitor.interdum@diam.net,1-504-545-4833,sao ludgero,SC,88730,1,Seller
44,Knox,Waters,metus.sit.amet@dapibus.com,1-489-702-4743,sao jose,SC,88075,5,Seller
45,Laurel,Sims,natoque.penatibus@In.ca,1-107-894-6397,piracicaba,SP,13416,5,Seller
46,Virginia,Beck,non.nisi.Aenean@at.ca,835-7418,porto alegre,RS,90850,4,Seller
47,Wade,George,Maecenas.iaculis@metusurnaconvallis.org,723-5685,congonhal,MG,37584,5,Seller
48,Mara,Macdonald,ultricies@molestieorcitincidunt.co.uk,672-7540,belo horizonte,MG,31950,5,Seller
49,Tatyana,Griffith,iaculis.enim.sit@Maurisquisturpis.net,1-576-658-8920,belo horizonte,MG,31555,4,Seller
50,Nerea,Fleming,facilisis.Suspendisse@torquent.com,1-975-636-6180,santo andre,SP,9251,1,Seller
51,Rafael,Dalton,accumsan.neque.et@ut.org,149-2669,sao paulo,SP,4705,4,Seller
52,Blaine,Reeves,vitae.aliquam@MaurisnullaInteger.edu,1-846-712-8040,osasco,SP,6144,4,Seller
53,Hashim,Chavez,vel@estacmattis.org,758-3878,valinhos,SP,13270,4,Seller
54,Georgia,Case,sit.amet@enim.co.uk,1-945-532-3311,joinville,SC,89214,4,Seller
55,Zane,Bell,Donec@sedest.net,859-5000,guaruja,SP,11446,2,Seller
56,Rhona,Meyers,pharetra.felis@euismodet.edu,859-3521,saquarema,RJ,28990,4,Seller
57,Abraham,Roach,purus.gravida@metusAeneansed.edu,1-493-477-2906,barra velha,SC,88390,1,Seller
58,Blake,Watson,In.tincidunt@maurisut.edu,954-2455,petropolis,RJ,25730,3,Seller
59,Walter,Colon,nec.mauris@ultricesa.org,840-7263,santo antonio da patrulha,RS,95500,5,Seller
60,Desiree,Anderson,amet@malesuadafamesac.co.uk,159-7506,ponta grossa,PR,84010,2,Seller
61,Hayes,Stokes,nulla@molestie.co.uk,676-9471,santana de parnaiba,SP,6544,4,Seller
62,Andrew,Alexander,nec@Quisquetincidunt.co.uk,1-234-370-5705,santo andre,SP,9121,5,Seller
63,Palmer,Rivas,nec.ligula.consectetuer@dolor.net,1-741-954-3514,sao carlos,SP,13568,5,Seller
64,Buckminster,Madden,et.euismod@mattisvelit.ca,1-498-591-2948,osasco,SP,6056,2,Seller
65,Xanthus,Hudson,aliquet.metus@Curabiturvellectus.ca,351-4354,ibitinga,SP,14940,5,Seller
66,Francesca,Valdez,consectetuer@Nuncmauris.net,1-321-435-3653,sao paulo,SP,5741,3,Seller
67,Lyle,Robertson,fames.ac.turpis@Donecegestas.ca,760-1395,sao jose dos pinhais,PR,83010,4,Seller
